Id,Input,Quartile,guideScore
KRAS-0,ATACATATTATTTATTTCTATAACTACATTTAAA,Q4,1.3874225248468788
KRAS-1,TTAGTTATGTATGTTAATGCCAGTCACCAGCAGG,Q4,1.076937887010358
KRAS-2,GTGACTTGGTTTTAGGCCCAAAGGTAGCAGCAGC,Q4,1.3263393993129764
KRAS-3,AAAATAGGATAACATTATTTATTTATTTCCTTTT,Q4,0.9646933666744039
KRAS-4,TTTGCTTAAACTTAAAACCATATTTAGAAGTAGA,Q4,1.070118039945678
KRAS-6,CCGAAATGGATATGGAATACTTTATAAGCCATAG,Q4,0.912356186243349
KRAS-7,TAATAAAAATAGTTACAGTGACTATGAGTGTGTA,Q4,1.0199109645882796
KRAS-8,GAAGTGATCTAAAATTTGTAATATTTTTGTCATG,Q4,1.1365446631915612
KRAS-9,TTAAAAATGACCACTCTTTTAATTGAAATTAACT,Q4,1.1153603602471205
KRAS-10,GTGATCCAGTTGTTTTCCATCATTTGGTTGCGCT,Q3,0.756860183678676
KRAS-12,CTTACTAGTACTATTTCTTAATGTAACATGTTTA,Q3,0.6925126385946849
KRAS-13,TTCCACTGTCTTGTGTTTTCATGTTGAAAATACT,Q4,0.8250336895536126
KRAS-14,TCTCTCCCCCCACACCCCCACAGAGCTAACTGGG,Q3,0.7946075481439432
KRAS-15,GATAGGTAATTTAGATGAATTTAGGGGAAAAAAA,Q3,0.7432318909458385
KRAS-16,GTCATAACTAGATTAAGATCTGTGTTTTAGTTTA,Q4,1.0321253184941948
KRAS-17,AGCTGTCATAAAATGAAACTTTCTTTCTAAAGAA,Q4,0.8155818597703992
KRAS-18,TTATATTTAGTAACTTCTGTGTTAATACTGGATA,Q3,0.6915887852688632
KRAS-19,TGATTTCTTGATAATTGTGTAGTAATGTTTTTTA,Q2,0.5302145466731731
KRAS-20,TTTAGGGGATTTTTTTTTAGACAGCAAAAACTAT,Q4,0.8699671468468686
KRAS-21,TTGTATTCCATTGATTTTTTTTTTCTTCTAAACA,Q3,0.7297257458046007
KRAS-22,TAATATATACATAGAAACTTTGTGGGGCATGTTA,Q2,0.6661536056549318
KRAS-23,GAATTTAGAACCTAACTTTTATAGGTTATCAAAA,Q4,0.8388867419787924
KRAS-24,ATTTGAGTGAATGTTCCCAAGTAGGCATTCTAGG,Q3,0.7167682430331905
KRAS-26,GTTACCTAATTATTACAGCCTTAAAGACAAAAAT,Q1,0.4826197103009028
KRAS-27,ATGGTTTAACAAAAGATTTGTTTTTGTAGAGATT,Q2,0.676428982306003
KRAS-28,ATTTTTGATGTAGATGGGCATTTTTTTAAGGTAG,Q1,0.489651820165209
KRAS-29,AGAAAGAAATGGCCATACTTCAGGAACTGCAGTG,Q1,0.4873059753433071
KRAS-30,GATCTTTGGAACACTGTTTAGGTAGGGTGTTAAG,Q1,0.4486927304058881
KRAS-31,ACAGACAAGGAAACTTCTATGTAAAAATCACTAT,Q1,0.4730976283730677
KRAS-32,AAATATACTTAAAAATTAATAGTTTTATCTGGGT,Q3,0.7076493116599123
KRAS-33,ATGTCAGATATTCATATTGACCCAAATGTGTAAT,Q1,0.4698722933755549
KRAS-34,TTGTTTTTTTATTTGGCATAACTGTGATTCTTTT,Q1,0.4762158284288674
KRAS-35,TCTTCGATCAAGCTACTTTATGTAAATCACTTCA,Q2,0.6121996530071107
KRAS-36,CAAAGAAGGGGTTTGGTCTCTGTGCCAGCTCTAT,Q3,0.7897788175886531
KRAS-39,ATTTATTCAGCAAATATTTATTGAGTGCCTACCA,Q4,0.8189456470491205
KRAS-42,GGTTCAAGCGATTCTCGTGCCTCGGCCTCCTGAG,Q3,0.7303547332972229
KRAS-43,TCTTGTCACCCAGGCTGGAATGCAGTGGCGCCAT,Q2,0.6544695622231224
KRAS-44,ATGCAATGAAAAATACTTTAATTCATGAAGCTTA,Q2,0.6146137836024231
KRAS-45,ATAACTAGGACTACTCCTGGTAACAGTAATACAT,Q3,0.7703590721520486
KRAS-46,ACCCTATCCAGTGGAAGGAGAATTTAATAAAGAT,Q3,0.7006922168450793
KRAS-47,CTCTTTGCTGCCCAATCCATTAGCGACAGTAGGA,Q4,0.8722969925575526
KRAS-48,GATACCATAAAGGGATTTGACCTAATCACTAATT,Q3,0.7717989533209108
KRAS-49,CCACTGAGTCACATCAGAAATGCCCTACATCTTA,Q1,0.45860152482984745
KRAS-50,ATACTTGTAATTCCCCTAACCATAAGATTTACTG,Q2,0.5940452281361649
KRAS-51,TCCATATTAGTGTCATCTTGCCTCCCTACCTTCC,Q2,0.5817331195624368
KRAS-52,GCAAAATTGTGCAAGAGGTGAAGTTTATATTTGA,Q1,0.4606334105506329
KRAS-53,CAAGCTCAGCACAATCTGTAAATTTTTAACCTAT,Q1,0.33152313621655294
KRAS-54,AGTTTTTTTTTTTTACAACTATGTAATTTATATT,Q2,0.607728732754051
KRAS-56,AAAGTATCACTGGACTAGGAAGAAGGTGACTTAG,Q2,0.5855032231504135
KRAS-57,TTTGATAAATTTAAAATGTTACTTATTTTAAAAT,Q3,0.7125247409576826
KRAS-58,AAACACTTTTCAAGTCTGATCCATATTTAATAAT,Q1,0.40964396466265374
KRAS-59,AAAAGTTTTACAATCTCTAGGTTTGGCTAGTTCT,Q3,0.731916020339843
KRAS-60,AGTTGAGATTTTGGGGTGGTGGTGTGCCAAGACA,Q3,0.8006722936888031
KRAS-61,TGCTTTTGTTTCTTAAGAAAACAAACTCTTTTTT,Q3,0.6967046537529789
KRAS-62,TTGGATAGCTCAACAAGATACAATCTCACTCTGT,Q1,0.4444738720811465
KRAS-63,CCCCACGGTCATCCAGTGTTGTCATGCATTGGTT,Q1,0.5061976195486639
KRAS-64,CAAGGCCAGGCCCTGTGTGAACCTTTGAGCTTTC,Q1,0.407664673990217
KRAS-65,GTGACATTAAAAGATTATTTGGGCCAGTTATAGC,Q1,0.4900316232203687
KRAS-66,CATAGTATAACTTTAAATCTTTTCTTCAACTTGA,Q1,0.5127526663245452
KRAS-67,TAACAAGTATAAAAAATTCTCATAGGAATTAAAT,Q2,0.5703211504018402
KRAS-68,TAGCAACCATTTTGGGGCTATATTTACATGCTAC,Q2,0.5387743833045694
KRAS-69,CTATAAAGACTCCTAATAGCTTTTCCTGTTAAGG,Q1,0.4008949413137738
KRAS-70,AAAAAATTACAAGGCAATGGAAACTATTATAAGG,Q1,0.49211874562812447
KRAS-71,CTATTAGTCATGGTCACTCTCCCCAAAATATTAT,Q4,0.9711769825124505
KRAS-72,TTTGTCATCCCTGATGAATGTAAAGTTACACTGT,Q2,0.6247011003855768
KRAS-73,TTGAGGGAACACAAATTTATGGGCTTCCTGATGA,Q2,0.6490918308400442
KRAS-74,TCACATAAATGGATTAATTACTAATTTCAGTTGA,Q2,0.5270824509898759
KRAS-75,AATGTTGGTGTGAAACAAATTAATGAAGCTTTTG,Q2,0.5267529443596978
KRAS-76,TTTCTGTCTTGGGGTTTTTGGTGCATGCAGTTGA,Q2,0.620014208275723
KRAS-77,ATTCCCAGAGTTTTGGTTTTTGAACTAGCAATGC,Q2,0.574953298119468
KRAS-78,TTTTACCTTAAATGCTTATTTTAAAATGACAGTG,Q3,0.7350118509342829
KRAS-80,TACAATTTGTACTTTTTTCTTAAGGCATACTAGT,Q3,0.768947644402689
KRAS-81,GATGAGCAAAGATGGTAAAAAGAAGAAAAAGAAG,Q3,0.7148901444344999
KRAS-82,AGACAGGGTGTTGATGATGCCTTCTATACATTAG,Q1,0.29184260048587957
KRAS-84,AGATGTACCTATGGTCCTAGTAGGAAATAAATGT,Q4,1.1366689722940182
KRAS-85,ACTAAATCATTTGAAGATATTCACCATTATAGAG,Q1,0
KRAS-86,CAATGAGGGACCAGTACATGAGGACTGGGGAGGG,Q3,0.7706318081198092
KRAS-87,AATTGATGGAGAAACCTGTCTCTTGGATATTCTC,Q1,0.4588710889594193
KRAS-88,CAGAATCATTTTGTGGACGAATATGATCCAACAA,Q4,0.9517325675872367
KRAS-90,GCGGGGCCAGAGGCTCAGCGGCTCCCAGGTGCGG,Q4,0.9698663488361914
KRAS-91,GTACTCCCGGCCCCCGCCATTTCGGACTGGGAGC,Q2,0.6171961685614242
KRAS-92,CGGCGGCGGAGGCAGCAGCGGCGGCGGCAGTGGC,Q4,1.122825022641994
PPIB-0,TTTTTTTTTTAATATAAAAAAAAAAAAAAAAAAN,Q4,0.8726056385683041
PPIB-1,AATGTGGGTTTTTTTTTTTTTAATATAAAAAAAA,Q4,0.9089784576706539
PPIB-2,CAATAAAAAAAAATGTGGGTTTTTTTTTTTTTAA,Q3,0.767210995469081
PPIB-3,CCAACACTGACCAATAAAAAAAAATGTGGGTTTT,Q4,0.8182107508004457
PPIB-4,ACAAACTCCTACCAACACTGACCAATAAAAAAAA,Q3,0.7774539582477418
PPIB-5,TCACTTTTGTAACAAACTCCTACCAACACTGACC,Q1,0.3915208123152808
PPIB-6,GGCCCATGGACTCACTTTTGTAACAAACTCCTAC,Q1,0.46643032564428205
PPIB-7,CACATTCCACAGGCCCATGGACTCACTTTTGTAA,Q2,0.5678876171339543
PPIB-10,TGCTGGCATCTGGTGGAGCGGACCCACTCCCCTC,Q2,0.6744168062768922
PPIB-12,CTCTGAGCTGCACTGGCCCCGGTGCTGGCATCTG,Q2,0.5899622966586521
PPIB-13,CCGCCACAGGGCTCTGAGCTGCACTGGCCCCGGT,Q4,0.8653544792966039
PPIB-14,GGCCCTGTAGTCCGCCACAGGGCTCTGAGCTGCA,Q4,0.9165221129327056
PPIB-15,CCGTCTGTGCAGGCCCTGTAGTCCGCCACAGGGC,Q3,0.737777273749826
PPIB-16,TCTTTGAGTGACCGTCTGTGCAGGCCCTGTAGTC,Q1,0.4598465396238375
PPIB-18,GAGTAGGGCACAGGGACATCTTTCTTTGAGTGAC,Q1,0.5151365174411676
PPIB-19,CCATCGCCAAGGAGTAGGGCACAGGGACATCTTT,Q3,0.7109083813255517
PPIB-20,GAAGCCCTTTGCCATCGCCAAGGAGTAGGGCACA,Q2,0.6749050015435233
PPIB-22,ACTGCGGCAAGATCGAGGTGGAGAAGCCCTTTGC,Q1,0.4551059711265042
PPIB-23,GATCATCGCAGACTGCGGCAAGATCGAGGTGGAG,Q2,0.534850568069475
PPIB-24,CTGAAGGATGTGATCATCGCAGACTGCGGCAAGA,Q1,0.4432893276693406
PPIB-25,GGGATAAACCCCTGAAGGATGTGATCATCGCAGA,Q1,0.42394317919795144
PPIB-26,GACAGACAGCCGGGATAAACCCCTGAAGGATGTG,Q3,0.7115175355488428
PPIB-27,GAGAGCACCAAGACAGACAGCCGGGATAAACCCC,Q2,0.6106737520070284
PPIB-28,TGCGGAAGGTGGAGAGCACCAAGACAGACAGCCG,Q2,0.5896252057833428
PPIB-29,CATGGAGGTGGTGCGGAAGGTGGAGAGCACCAAG,Q2,0.5607503179759895
PPIB-30,GTTCTAGAGGGCATGGAGGTGGTGCGGAAGGTGG,Q2,0.5817452506607239
PPIB-31,TGTTTGGCAAAGTTCTAGAGGGCATGGAGGTGGT,Q1,0.5132343321694904
PPIB-32,CAAGCATGTGGTGTTTGGCAAAGTTCTAGAGGGC,Q1,0.46692549572912756
PPIB-33,TGGCTAGATGGCAAGCATGTGGTGTTTGGCAAAG,Q1,0.4063398319573039
PPIB-35,CATCACGACAGTCAAGACAGCCTGGCTAGATGGC,Q1,0.4592188122715176
PPIB-36,TCCCAGTTCTTCATCACGACAGTCAAGACAGCCT,Q1,0.3836349777355414
PPIB-37,ACACCAACGGCTCCCAGTTCTTCATCACGACAGT,Q1,0.41130751027477797
PPIB-40,CTGGCTGGGTGAGCATGGCCAACGCAGGCAAAGA,Q1,0.5000796838463429
PPIB-41,GCACTACGGGCCTGGCTGGGTGAGCATGGCCAAC,Q2,0.5196013910098305
PPIB-43,CCGATGAGAACTTCAAACTGAAGCACTACGGGCC,Q2,0.6271840566158396
PPIB-45,AGCATCTACGGTGAGCGCTTCCCCGATGAGAACT,Q2,0.6486572362994263
PPIB-46,CAGGAGGAAAGAGCATCTACGGTGAGCGCTTCCC,Q1,0.4099771114956377
PPIB-47,GGGAGATGGCACAGGAGGAAAGAGCATCTACGGT,Q1,0.24710141717873269
PPIB-48,GACTTCACCAGGGGAGATGGCACAGGAGGAAAGA,Q1,0.4583234787449648
PPIB-49,TCCAGGGCGGAGACTTCACCAGGGGAGATGGCAC,Q2,0.5635461692991395
PPIB-50,GGACTTCATGATCCAGGGCGGAGACTTCACCAGG,Q1,0.4468624535687436
PPIB-51,CGTGTAATCAAGGACTTCATGATCCAGGGCGGAG,Q3,0.716302564047117
PPIB-52,GCAAATTCCATCGTGTAATCAAGGACTTCATGAT,Q1,0.49500837373870976
PPIB-55,CTACAGGAGAGAAAGGATTTGGCTACAAAAACAG,Q3,0.7541445158552726
PPIB-58,TTCCAAAAACAGTGGATAATTTTGTGGCCTTAGC,Q2,0.6384552471127986
PPIB-59,CGGAAAGACTGTTCCAAAAACAGTGGATAATTTT,Q3,0.7931049633664617
PPIB-60,TTTGGTCTCTTCGGAAAGACTGTTCCAAAAACAG,Q4,0.9484385227242156
PPIB-61,GCCGGGTGATCTTTGGTCTCTTCGGAAAGACTGT,Q2,0.5508958168790394
PPIB-62,TGAAGATGTAGGCCGGGTGATCTTTGGTCTCTTC,Q2,0.5241552114428697
PPIB-64,ATTTTGACCTACGAATTGGAGATGAAGATGTAGG,Q2,0.5664937399932809
PPIB-65,CGTCAAGGTGTATTTTGACCTACGAATTGGAGAT,Q2,0.5747095223108656
PPIB-66,CCCAAAGTCACCGTCAAGGTGTATTTTGACCTAC,Q3,0.7320202024416604
PPIB-67,AGAAGAAGGGGCCCAAAGTCACCGTCAAGGTGTA,Q4,0.8804337722233045
PPIB-68,GGCCGATGAGAAGAAGAAGGGGCCCAAAGTCACC,Q3,0.7874104202305163
PPIB-70,TGCTGCTGCCGGGACCTTCTGCGGCCGATGAGAA,Q4,0.8750187076270084
PPIB-72,ATCGCGGGGTCCGTCTTCTTCCTGCTGCTGCCGG,Q4,0.8153678032368323
PPIB-73,CCGCCGCCCTCATCGCGGGGTCCGTCTTCTTCCT,Q2,0.6095592268093528
PPIB-75,CGCAACATGAAGGTGCTCCTTGCCGCCGCCCTCA,Q2,0.6555437220574738
PPIB-76,GCCTCTCCGAACGCAACATGAAGGTGCTCCTTGC,Q2,0.5461335629182992
PPIB-77,GTGGATGCTGCGCCTCTCCGAACGCAACATGAAG,Q3,0.7045177826523454
PPIB-78,CGCCTCCGCCTGTGGATGCTGCGCCTCTCCGAAC,Q2,0.6367912670147258
PPIB-79,CGGGCTGCTTTCGCCTCCGCCTGTGGATGCTGCG,Q3,0.8013144632895028
PPIB-80,CCTCAGCTGTCCGGGCTGCTTTCGCCTCCGCCTG,Q4,0.8369149045054876
PPIB-81,CCCTCTTCCGGCCTCAGCTGTCCGGGCTGCTTTC,Q4,0.9519351488105857
PPIB-82,CCGCGGCCCCACCCTCTTCCGGCCTCAGCTGTCC,Q4,0.8806005100150949
PPIB-83,CTCCCTAGCCACCGCGGCCCCACCCTCTTCCGGC,Q4,0.8928203106532869
PPIB-85,CACCCGCGCGTGGCGGCGCCGGCTCCCTAGCCAC,Q4,0.9461762365642084
PPIB-86,CCAGTCCCCCCCACCCGCGCGTGGCGGCGCCGGC,Q4,1.064100308562503
PPIB-87,CGCGAGCAACCCCAGTCCCCCCCACCCGCGCGTG,Q4,0.8439326024058678
PPIB-88,CGCCCGGAGCCCGCGAGCAACCCCAGTCCCCCCC,Q4,0.8188987575912401
PPIB-89,CGCCCGCCGCCCGCCCGGAGCCCGCGAGCAACCC,Q3,0.7678357310824783
PPIB-90,GGGGGAAACGGCGCCCGCCGCCCGCCCGGAGCCC,Q4,0.8912210840279398
PPIB-91,CCGAGCCGGAGGGGGGAAACGGCGCCCGCCGCCC,Q4,0.8812025836848196
PPIB-92,ACTATCCGGCGCCGAGCCGGAGGGGGGAAACGGC,Q3,0.8004761319770515
MALAT1-0,GCTCGCCTGAAGGCAGGTCCCCTCTGACGCCTCC,Q3,0.7002644214108211
MALAT1-1,CTGTCCTTATAGGCTGGCCATTCCAGGTGGTGGT,Q4,0.8546943932196198
MALAT1-2,ATTTTTCTTCCTGCTCCGGTTCAGAAGGTCTGAA,Q4,0.9206193926754076
MALAT1-3,ACCCAGAGCAGTGTAAACACTTCTGGGTGTGTCC,Q2,0.6563292993231711
MALAT1-4,TACTTTAAAAGGCCACTTGAACTCGCTTTCCATG,Q3,0.7319513406511494
MALAT1-5,TTCCGTGCGGGCCGTGGGGGGCTGGCGGCAACTG,Q1,0.3191797539064109
MALAT1-6,AGCAGCTCTGTGGTGTGGGATTGAGGCGTTTTCC,Q1,0.4494518130166786
MALAT1-8,TCAACCGTCCCTGCAAGGCTGGGGCTCAGTTGCG,Q1,0.46582236389861054
MALAT1-9,TATACCTACTGTCCCTCAAGAGAACACAAGAAGT,Q2,0.6203049106537087
MALAT1-10,AAATATGATTTCCATGTTTCTTTTGTCTAAAGTT,Q1,0.4949378145517278
MALAT1-11,TTCAAGTTCCATAAGCTGTTAAGAAAAATCTAGA,Q1,0.46843565087630656
MALAT1-12,CGGCGGAAGGTGATCGAATTCCGGTGATGCGAGT,Q2,0.5932056327197315
MALAT1-13,CGCAGGGGCTTCTGCTGAGGGGGCAGGCGGAGCT,Q2,0.6126293561981859
MALAT1-14,AAAAAATATAGTCAATAGGTTACTAAGATATTGC,Q4,0.8799317331577254
MALAT1-15,ACTTAGAAGAGTAGCATGAGGAAGGAAAAGATAA,Q2,0.549016277387996
MALAT1-16,TTTAAAAGAAAATTGAGAGAAAGGACTACAGAGC,Q1,0.4825552342808057
MALAT1-17,AGCTTAAAGTTTAGTTTAAAAGTTGTAGGTGATT,Q2,0.5880694230105342
MALAT1-18,TGAAATCCATGACGCAGGGAGAATTGCGTCATTT,Q2,0.5213919246819
MALAT1-20,GGAAATTAGAAGATAAAAACATACTTTTAGAAGA,Q1,0.2753832638780277
MALAT1-22,AAAATGAAAAACAAGCTAAGACAAGTATTGGAGA,Q1,0.3839961985314235
MALAT1-23,AGGAAATTATTGGTAACCAATTTATTTTAAAAGC,Q2,0.5163773514326826
MALAT1-24,TGTTTACGTAGACCAGAACCAATTTAGAAGAATA,Q2,0.6075117185705893
MALAT1-26,AAGGACTTTCGTAACGGAAGTAATTCAAGATCAA,Q2,0.5217321672078417
MALAT1-27,CCTGAGGACTAGCATTAATTGACAGCTGACCCAG,Q2,0.6580964761104601
MALAT1-30,GATGAAGGTAGCAGGCGGCTTGGCTTGGCAACCA,Q2,0.6118413456418503
MALAT1-33,TCAGGCTTATACTCATGAATCTTGTCTGAAGCTT,Q2,0.6341884556910254
MALAT1-34,TTTTTACACGAATTTGAGGAAAACCAAATGAATT,Q2,0.6342448567373453
MALAT1-35,GTAATGAAGTATTTCAGTTTTGTGAATAGATGAC,Q1,0.5158788890352857
MALAT1-36,GAGGCGGGGGGGAGTTTTCAGTATTTTTTTTTGT,Q2,0.5342648333392299
MALAT1-37,AAGGCAAATGACTCAAGGTGTAACAGAAAACAAG,Q4,0.8952672526263774
MALAT1-38,AGTTCTCACGTTGAGGTCTGTGGAAGAGATGTCC,Q1,0.2917290308558441
MALAT1-39,AAGTGCTTAACCCCTTAAACTTGTTATTTTTTAC,Q1,0.4130499416069804
MALAT1-40,TTTCTAAGATTTTCCACAGATGCTATAGTACTAT,Q1,0.4448717935784438
MALAT1-42,GAGAACTTCAGAAGAGCTTGAGTAGGCCAAATGT,Q4,1.1001962254592246
MALAT1-43,ATATTGGCAATTAGTTGGCAGTGGCCTGTTACGG,Q3,0.7923924328292651
MALAT1-44,GCCAGAGAACTTAAAGTCTTAGAATGGAAAAAGT,Q3,0.7210873328285834
MALAT1-45,CAGTTTGAATTGGGAAGCTGGGGGAAGTTAAATA,Q4,1.126092924264053
MALAT1-46,TGTATCTGTTTTCCTTCAAAGTATAGAGCTTTTG,Q4,0.843828892521967
MALAT1-47,TTATGGGAAATGCAAAAGTTGTTTGGATATGGTA,Q4,0.8745300141172099
MALAT1-48,TAGAAACTGCAGAGCAAAGGAAGTGGCTTAATGA,Q3,0.7284650841753527
MALAT1-49,GTTGTGTGTAAGCAAGTTTTTTTTTAGTGTAGGA,Q1,0.3641154180652436
MALAT1-51,TTTGTTGATGAGGGAGGGGAAACTTTTTTTTTTT,Q1,0.48597924342634086
MALAT1-52,CTAGATGCAGAGAAAACAGCTCCTTGGTGAATTG,Q1,0.4993658562729463
MALAT1-53,GAGATTCTTACTACTGATGAGAACATTATCTGCA,Q2,0.5757028696616808
MALAT1-54,TTTAAAGTTAATTGCTTGTCAAGCTATAACCACA,Q2,0.5572280185993838
MALAT1-56,GGGATCAAGTGGATTGAGGAGGCTGTGCTGTGTG,Q3,0.773415854799018
MALAT1-57,CATCTGGGAGCAGAAAACAGCAGGCAGCTGTTAA,Q4,0.8509951521944676
MALAT1-58,GAGCTGTGGAGTTCTTAAATATCAACCATGGCAC,Q1,0.5103121946593902
MALAT1-59,TTTAAAATTGTAGGACTTGTTCCTGTGGGCTTCA,Q1,0.42893651902948193
MALAT1-60,CCTCTAAAGTGATCAGTGCCTTGATGCCAACTAA,Q2,0.6561796789410792
MALAT1-61,GTTAGAATCAGATGTTACTGCTAAAATTTACATG,Q2,0.5688116447112902
MALAT1-63,TTCTCTAATCTTTCAGAAACTTTGTCTGCGAACA,Q3,0.8085306664489129
MALAT1-64,AAGACAAATTTTATTCTTCATAAAGTGATGAGCA,Q4,0.8223462461993974
MALAT1-65,TAGACAGGTGGGAGATTATGATCAGAGTAAAAGG,Q2,0.6516682139289725
MALAT1-66,ATACTTTTTCACATTTCCAAAGTTTGCATGTTAA,Q1,0.5089036738203478
MALAT1-67,GGGAAGGGAGGGGGTGCCTGTGGGGTTTTAAAGA,Q4,0.9130703371206262
MALAT1-68,ATGAGTGCTTGGCTCTTCCTTCTGTTCTAGTGAG,Q2,0.5473013446179368
MALAT1-69,AGGGATGGGAGGAGGGGGTGGGGCTTACTTGTTG,Q2,0.638123049892971
MALAT1-70,TCTGTTCTGTTGGCAAGTAAATGCAGTACTGTTC,Q2,0.5581145643556316
MALAT1-71,TCCCCAATGCTTGGAGTAGTGATTGTTGAAGGAA,Q2,0.609920257282946
MALAT1-72,CGTATTTGTGATTGAAGCTGAGTACATTTTGCTG,Q4,0.8883002169203149
MALAT1-73,TTTAGTCTTTTCCAGATGCAACCTTAAAATCAGT,Q2,0.5278134551205833
MALAT1-77,AACAGGTGAACAAGCTTTTTCTGTATTTACATAC,Q4,0.8320176782058459
MALAT1-79,AGGCACCGAAGGCTTAAAGTAGGACAACCATGGA,Q4,0.8770181406875348
MALAT1-80,AGCCTCACCTGATTTTTATTAGTAATGAGGACTT,Q4,1.1112865658221205
MALAT1-82,AAGCGGGCAACCACTTTTCCCTAGCTTTTCCAGA,Q4,0.9217522880975609
MALAT1-83,CCTTTTGATCTAGCACAGACCCTTCACCCCTCAC,Q4,0.8658311464817651
MALAT1-85,GCTAAGTAGCTCTATTATAATACTTATCCAGTGA,Q3,0.7404228654598688
MALAT1-86,GTGGGAACATGTAACTTGTAGACTGGAGAAGATA,Q3,0.7489630901324037
MALAT1-88,TCCTGAGAAAACAACACGTATTGTTTTCTCAGGT,Q4,0.8218258736532614
MALAT1-89,GCACTCCTGGTTTCCAGGACGGGGTTCAAATCCC,Q3,0.7527088467187028
MALAT1-91,CAGGAGCTTGACTTGATTGTATATTCATATTTAC,Q3,0.80303933407176
CLUC-0,AGACACCCTAGAAGTACCAGATGAATGCAAATAA,Q1,0.3568017853185542
CLUC-1,AATGCTACATAAAGCATGGAGACACCCTAGAAGT,Q1,0.453393260911356
CLUC-4,TATTGCCTGAGGGGACAACAGGGTTTCTGTGACC,Q2,0.6822690140589218
CLUC-5,GAACGATGCATGTACGAGTATTGCCTGAGGGGAC,Q4,0.867058830307611
CLUC-6,CACAAGCCTGACCGTGTCGAACGATGCATGTACG,Q1,0.4441631936657103
CLUC-8,CGGTCAAAGTGATCTTGATCAGAAATGTAACGTG,Q2,0.6272743976753642
CLUC-9,CTGCAATAGTCTCTTCGCCGGTCAAAGTGATCTT,Q3,0.732639280270182
CLUC-10,AACCTGAAGCTGAACGACTCTGCAATAGTCTCTT,Q4,0.9513804374746508
CLUC-11,GATGCACCGAAGAACAGAAACCTGAAGCTGAACG,Q1,0.43032595409483454
CLUC-12,TGACCCCCAACCCACCGGGATGCACCGAAGAACA,Q1,0.5096797067771855
CLUC-13,GCTGAAGGAGCCTGTGATCTGACCCCCAACCCAC,Q1,0.46682763498909974
CLUC-14,AGTGATGATTCTTTTGATGCTGAAGGAGCCTGTG,Q2,0.5185504265582229
CLUC-16,GACTTGCGGTATTTGCGGTAACTACAACCAGGAT,Q3,0.74648548420489
CLUC-17,AGATCCATTCGATGGTAAGACTTGCGGTATTTGC,Q3,0.7972271239036173
CLUC-19,AGTTCAACTTCAAGCAACTGCTCGTCGTACATAT,Q3,0.7765875673536426
CLUC-20,CTGAAGCTCTGGTGGTCAAGTTCAACTTCAAGCA,Q4,0.8791133639863855
CLUC-21,TGACTACAGCCATCCTACCTGAAGCTCTGGTGGT,Q1,0.4833113464917357
CLUC-22,TGGCAAGATGGTGACATACTGACTACAGCCATCC,Q1,0.2627363895505476
CLUC-23,CAGAACACTTCCATCTACTGGCAAGATGGTGACA,Q2,0.518443745518716
CLUC-24,TCCGTCCCGTACAGCTCTCAGAACACTTCCATCT,Q2,0.5640919614050488
CLUC-26,TGATGGAAAACAGATTCTGGTTGGAGGAGAAGCC,Q4,0.8462223285476771
CLUC-27,TGTAGTAGAACTCATTGTTGATGGAAAACAGATT,Q3,0.7174483360856082
CLUC-29,CTGAAGTAGAGAAAGTACGAATCAGGAAACAATC,Q2,0.5982784580301054
CLUC-30,GGAATGTTGACTCTTACACTGAAGTAGAGAAAGT,Q1,0.3875745382485251
CLUC-31,GATGTGAAGGTTTCACACAGGAATGTTGACTCTT,Q1,0.44602721496952996
CLUC-32,TGTTTCTGGAACACTTGGGATGTGAAGGTTTCAC,Q2,0.5250575076288678
CLUC-33,ATTCTTATGGCCGCCGACTGTTTCTGGAACACTT,Q2,0.5695112367982169
CLUC-34,CCAGGGTCCCTGCAAGGAGATTCTTATGGCCGCC,Q3,0.7631345953649156
CLUC-35,CAAAGCAAGATACCAATTCCAGGGTCCCTGCAAG,Q4,1.0072743086445084
CLUC-36,TTTCTACGATACATTTGACAAAGCAAGATACCAA,Q3,0.7105247916678292
CLUC-37,GCGTTTTGTCTGGACATACTTTCTACGATACATT,Q3,0.6923539447888216
CLUC-38,CCGAAACTAGAGGAACCTGCGTTTTGTCTGGACA,Q3,0.7091628616375854
CLUC-39,GGGAGACGTGCGCTGCTCCCGAAACTAGAGGAAC,Q4,0.9896157774380749
CLUC-40,CACGTGCTGCTTGACTACAGGGAGACGTGCGCTG,Q4,0.9574976542406546
CLUC-41,GGAGACGAGCGAGCCTCACACGTGCTGCTTGACT,Q4,0.813988072517093
CLUC-42,TTCGCCCGCTGTATGGGTGGAGACGAGCGAGCCT,Q3,0.8111432668276357
CLUC-43,CTACACCATCTCCTGCGCCTTCGCCCGCTGTATG,Q4,0.9353831922587632
CLUC-44,CCCCATCAACTTCTACTACTACACCATCTCCTGC,Q2,0.636188071559522
CLUC-45,CAAGGACAGCTGCCGCAACCCCATCAACTTCTAC,Q3,0.764338991625097
CLUC-46,AGGTCTTCTGGAGCCGTACAAGGACAGCTGCCGC,Q4,1.0437093175226217
CLUC-47,ATGACGTTGCATACTGCAAAGGTCTTCTGGAGCC,Q4,0.9358539283007681
CLUC-48,CACTCTATGGAAATCCTGATGACGTTGCATACTG,Q3,0.7224121669028774
CLUC-50,ATTCAGCCTAAGATCAACCAGGAGTTTGACGGTT,Q4,0.8516784411515408
CLUC-51,GATCCAGAACAACTCGCTATTCAGCCTAAGATCA,Q2,0.597765446553751
CLUC-52,GATACAGACTTCACTTCAGATCCAGAACAACTCG,Q1,0.36081997351288364
CLUC-53,AGATCTTAAAATGATGGAAGATACAGACTTCACT,Q2,0.5658460833473904
CLUC-54,GATCTCTGGCCTCTGTGGAGATCTTAAAATGATG,Q3,0.7018616582436601
CLUC-56,CTGTAAGAATCGCCCCAGACACAGCAAACAAAGG,Q3,0.7532064257997371
CLUC-57,ACATCCTCGGAGGAAGATCTGTAAGAATCGCCCC,Q2,0.5781531387216322
CLUC-58,TCAAACTGATCGTGATCGACATCCTCGGAGGAAG,Q1,0.3905955472188892
CLUC-59,ATCACCGTCATTGAGTTCTTCAAACTGATCGTGA,Q1,0.45056394710642017
CLUC-60,GAGATGCCAGGCTTCAACATCACCGTCATTGAGT,Q1,0.5062728605354057
CLUC-61,GTCACCATCGCTGTTGTTGAGATGCCAGGCTTCA,Q2,0.5672547937895822
CLUC-62,CCCGTACACCATCGGCGAGGTCACCATCGCTGTT,Q2,0.6209118256256522
CLUC-63,TGACCCTATCATCGCCAACCCGTACACCATCGGC,Q4,0.8694764002366129
CLUC-64,CACTGTAAACGGTGGAGCTGACCCTATCATCGCC,Q1,0.3573077344171359
CLUC-65,AAGCTACTGAGAATCCCATCACTGTAAACGGTGG,Q3,0.6886178266959704
CLUC-66,ACATCATTGACATCGCTCAAGCTACTGAGAATCC,Q3,0.7530107865222907
CLUC-67,GACTGGAAGTGGCTGGAGACATCATTGACATCGC,Q2,0.6330641573713968
CLUC-68,GCTGTGCTGACCAAGACAAGACTGGAAGTGGCTG,Q4,1.0798585282107522
CLUC-69,CTGGATGGAACCAAGGGGGCTGTGCTGACCAAGA,Q1,0.4777086864127681
CLUC-70,TCCATCACCCTGGAGAACCTGGATGGAACCAAGG,Q1,0.5065506747288885
CLUC-71,GGGCGGCGACTGGAAGGTGTCCATCACCCTGGAG,Q3,0.7235249566481979
CLUC-72,GTTGGGTCAAGGAACCAAGGGCGGCGACTGGAAG,Q4,0.8299809538132286
CLUC-73,GGAACCTGGTACATACGTGTTGGGTCAAGGAACC,Q1,0.37134563412923666
CLUC-74,GAAAGAGATTCCAGTTCCAGGAACCTGGTACATA,Q2,0.6630026378968856
CLUC-76,GAGTAGAGGCCGCAGGATAGTTTAGAACATTCTA,Q3,0.7864226509794756
CLUC-77,CAGTATGTAATTGAATGCAGAGTAGAGGCCGCAG,Q4,0.9385683699196705
CLUC-79,GAAAATAAACCAGGAAAAACATGTTGCCGAATGT,Q2,0.5858554690171855
CLUC-81,CACCTGCACGAGAGACATACTATCAGATGGACTG,Q2,0.5628513824303397
CLUC-82,TATTGATAGCAGCTGTGGCACCTGCACGAGAGAC,Q1,0.43997545638784086
CLUC-83,AAGCTAAAGAAGGAGAATGTATTGATAGCAGCTG,Q2,0.6482763572293274
CLUC-84,CAGTTCCAACTTCCTGTGAAGCTAAAGAAGGAGA,Q4,0.8669861665458006
CLUC-86,TGCCAGGACTGTCCTTACGAACCTGATCCACCAA,Q2,0.590912778043126
CLUC-87,TACTGCGCCACTGTTCATTGCCAGGACTGTCCTT,Q4,0.8811721491522533
CLUC-88,CTTGCCGTTGCATTAGTCTACTGCGCCACTGTTC,Q4,0.85045921331667
GLUC-0,GGTGGACAAGATCAAGGGGGCCGGTGGTGACTAA,Q1,0.3608975889264042
GLUC-1,CCAGGTGGACAAGATCAAGGGGGCCGGTGGTGAC,Q1,0.3724148936436723
GLUC-2,GGGCCAGGTGGACAAGATCAAGGGGGCCGGTGGT,Q1,0.3625663654669409
GLUC-4,GATCCAGGGCCAGGTGGACAAGATCAAGGGGGCC,Q1,0.42331742875145606
GLUC-5,CAAGATCCAGGGCCAGGTGGACAAGATCAAGGGG,Q1,0.4249086132038417
GLUC-6,CAGCAAGATCCAGGGCCAGGTGGACAAGATCAAG,Q2,0.534405569459883
GLUC-7,GCCAGCAAGATCCAGGGCCAGGTGGACAAGATCA,Q3,0.701216939275697
GLUC-9,ACCTTTGCCAGCAAGATCCAGGGCCAGGTGGACA,Q1,0.5048839709631979
GLUC-10,GCGACCTTTGCCAGCAAGATCCAGGGCCAGGTGG,Q3,0.7564498079184967
GLUC-12,CGCTGTGCGACCTTTGCCAGCAAGATCCAGGGCC,Q3,0.7144323126269758
GLUC-13,CAACGCTGTGCGACCTTTGCCAGCAAGATCCAGG,Q1,0.43580164751268313
GLUC-14,CGCAACGCTGTGCGACCTTTGCCAGCAAGATCCA,Q2,0.6229157414863445
GLUC-15,TGCCGCAACGCTGTGCGACCTTTGCCAGCAAGAT,Q2,0.5604647098489682
GLUC-16,GGCTGCCGCAACGCTGTGCGACCTTTGCCAGCAA,Q3,0.8014075897871147
GLUC-17,AGTGGCTGCCGCAACGCTGTGCGACCTTTGCCAG,Q4,0.9161665872253754
GLUC-19,TCAAGAAGTGGCTGCCGCAACGCTGTGCGACCTT,Q3,0.7196194461451901
GLUC-20,GCTCAAGAAGTGGCTGCCGCAACGCTGTGCGACC,Q3,0.6857236685191049
GLUC-21,CCTGCTCAAGAAGTGGCTGCCGCAACGCTGTGCG,Q2,0.6626082912759339
GLUC-22,TGACCTGCTCAAGAAGTGGCTGCCGCAACGCTGT,Q2,0.6013971231681815
GLUC-24,GTGTTCTGACCTGCTCAAGAAGTGGCTGCCGCAA,Q4,0.8310247411067007
GLUC-25,GCAGTGTTCTGACCTGCTCAAGAAGTGGCTGCCG,Q2,0.6447033554110432
GLUC-26,CGTGCAGTGTTCTGACCTGCTCAAGAAGTGGCTG,Q4,0.8698370009371208
GLUC-28,GCCAACGTGCAGTGTTCTGACCTGCTCAAGAAGT,Q4,0.8851870363442764
GLUC-30,GGGCTTGCCAACGTGCAGTGTTCTGACCTGCTCA,Q4,0.8441449347941385
GLUC-32,CTCAAAGGGCTTGCCAACGTGCAGTGTTCTGACC,Q4,0.8370777685003534
GLUC-33,TGCCTCAAAGGGCTTGCCAACGTGCAGTGTTCTG,Q3,0.6901872817340942
GLUC-35,CTGGCTGCCTCAAAGGGCTTGCCAACGTGCAGTG,Q2,0.6223807783965536
GLUC-36,CAACTGGCTGCCTCAAAGGGCTTGCCAACGTGCA,Q2,0.6221224044323489
GLUC-37,GCACAACTGGCTGCCTCAAAGGGCTTGCCAACGT,Q4,0.8374026501812413
GLUC-38,ACTGCACAACTGGCTGCCTCAAAGGGCTTGCCAA,Q3,0.734125826052395
GLUC-39,TGGACTGCACAACTGGCTGCCTCAAAGGGCTTGC,Q1,0.48616684428696316
GLUC-40,TGTGGACTGCACAACTGGCTGCCTCAAAGGGCTT,Q1,0.4662509414527405
GLUC-41,GTGTGTGGACTGCACAACTGGCTGCCTCAAAGGG,Q2,0.5363305970645184
GLUC-42,TCTGTGTGTGGACTGCACAACTGGCTGCCTCAAA,Q3,0.697628287344211
GLUC-43,CGATCTGTGTGTGGACTGCACAACTGGCTGCCTC,Q4,0.8528209156692255
GLUC-45,ACAGGTCGATCTGTGTGTGGACTGCACAACTGGC,Q4,0.8174546654878456
GLUC-46,CGCACAGGTCGATCTGTGTGTGGACTGCACAACT,Q4,0.8663347972235951
GLUC-47,ATCGCACAGGTCGATCTGTGTGTGGACTGCACAA,Q4,0.8746389084313271
GLUC-49,CAGTTCATCGCACAGGTCGATCTGTGTGTGGACT,Q2,0.6245995988307049
GLUC-50,GAGCAGTTCATCGCACAGGTCGATCTGTGTGTGG,Q4,0.8789699561463619
GLUC-51,ATGGAGCAGTTCATCGCACAGGTCGATCTGTGTG,Q1,0.4009881051163882
GLUC-52,CCCATGGAGCAGTTCATCGCACAGGTCGATCTGT,Q1,0.386537549983084
GLUC-53,AGCCCATGGAGCAGTTCATCGCACAGGTCGATCT,Q1,0.36268482412607217
GLUC-54,TGGAGCCCATGGAGCAGTTCATCGCACAGGTCGA,Q1,0.4901291043189997
GLUC-57,TCAAGGACTTGGAGCCCATGGAGCAGTTCATCGC,Q1,0.3774027081482928
GLUC-58,GGTTCAAGGACTTGGAGCCCATGGAGCAGTTCAT,Q1,0.4640007801211858
GLUC-59,CTGGGTTCAAGGACTTGGAGCCCATGGAGCAGTT,Q1,0.3944476025454246
GLUC-60,TCCTGGGTTCAAGGACTTGGAGCCCATGGAGCAG,Q3,0.7021461657424846
GLUC-61,GATTCCTGGGTTCAAGGACTTGGAGCCCATGGAG,Q1,0.4100526278937956
GLUC-62,TGAGATTCCTGGGTTCAAGGACTTGGAGCCCATG,Q1,0.3268701269199632
GLUC-63,TCCTGAGATTCCTGGGTTCAAGGACTTGGAGCCC,Q1,0.3916008812877507
GLUC-64,CATTCCTGAGATTCCTGGGTTCAAGGACTTGGAG,Q2,0.6697537584815387
GLUC-65,CGACATTCCTGAGATTCCTGGGTTCAAGGACTTG,Q4,0.8246418598513534
GLUC-66,CGTCGACATTCCTGAGATTCCTGGGTTCAAGGAC,Q2,0.5965468234310459
GLUC-67,ATCGTCGACATTCCTGAGATTCCTGGGTTCAAGG,Q2,0.6008080252329595
GLUC-68,GCGATCGTCGACATTCCTGAGATTCCTGGGTTCA,Q2,0.589845261957975
GLUC-69,GAGGCGATCGTCGACATTCCTGAGATTCCTGGGT,Q2,0.5383777866492578
GLUC-70,GGCGAGGCGATCGTCGACATTCCTGAGATTCCTG,Q2,0.6073162287149944
GLUC-71,ATAGGCGAGGCGATCGTCGACATTCCTGAGATTC,Q2,0.5818259949041225
GLUC-73,GCGGCATAGGCGAGGCGATCGTCGACATTCCTGA,Q2,0.5374576213414596
GLUC-74,AGGGCGGCATAGGCGAGGCGATCGTCGACATTCC,Q2,0.5645172716953167
GLUC-76,CCGCACAGGGCGGCATAGGCGAGGCGATCGTCGA,Q1,0.46029260808051564
GLUC-77,AGTCCGCACAGGGCGGCATAGGCGAGGCGATCGT,Q3,0.7189994965258777
GLUC-78,AAGAGTCCGCACAGGGCGGCATAGGCGAGGCGAT,Q1,0.44005946320858225
GLUC-80,CGACAAAGAGTCCGCACAGGGCGGCATAGGCGAG,Q2,0.6837894306704012
GLUC-81,AGGCGACAAAGAGTCCGCACAGGGCGGCATAGGC,Q2,0.6279521794496754
GLUC-82,CGAAGGCGACAAAGAGTCCGCACAGGGCGGCATA,Q4,0.8207865595849944
GLUC-83,CTACGAAGGCGACAAAGAGTCCGCACAGGGCGGC,Q3,0.7454478703816017
GLUC-84,CACCTACGAAGGCGACAAAGAGTCCGCACAGGGC,Q4,0.8190091422775609
GLUC-85,CCACACCTACGAAGGCGACAAAGAGTCCGCACAG,Q2,0.5714303688263543
GLUC-87,CGCTGCCACACCTACGAAGGCGACAAAGAGTCCG,Q3,0.6853273387812536
GLUC-88,GGACGCTGCCACACCTACGAAGGCGACAAAGAGT,Q4,0.898217706971198
GLUC-90,ATCCCAGGACGCTGCCACACCTACGAAGGCGACA,Q3,0.6840789913881554
GLUC-91,TTCATCCCAGGACGCTGCCACACCTACGAAGGCG,Q1,0.49176410103736845
GLUC-92,AAGTTCATCCCAGGACGCTGCCACACCTACGAAG,Q4,0.8549443201649796
GLUC-94,TGAAGAAGTTCATCCCAGGACGCTGCCACACCTA,Q4,0.8669382153609204
GLUC-95,AGATGAAGAAGTTCATCCCAGGACGCTGCCACAC,Q2,0.5617536982511907
GLUC-96,CCAAGATGAAGAAGTTCATCCCAGGACGCTGCCA,Q4,0.8873161902867575
GLUC-97,CGCCCAAGATGAAGAAGTTCATCCCAGGACGCTG,Q4,0.910054144517777
GLUC-98,GCACGCCCAAGATGAAGAAGTTCATCCCAGGACG,Q3,0.8030273578068807
GLUC-99,AGTGCACGCCCAAGATGAAGAAGTTCATCCCAGG,Q3,0.7646219359805648
GLUC-102,CCACATCAAGTGCACGCCCAAGATGAAGAAGTTC,Q2,0.6768557958050457
GLUC-104,CCTGTCCCACATCAAGTGCACGCCCAAGATGAAG,Q4,0.9676360919956462
GLUC-106,ATCTGCCTGTCCCACATCAAGTGCACGCCCAAGA,Q4,0.8656257557299527
GLUC-107,CTGATCTGCCTGTCCCACATCAAGTGCACGCCCA,Q4,1.094122278565423
GLUC-108,TGTCTGATCTGCCTGTCCCACATCAAGTGCACGC,Q3,0.7216830455037382
GLUC-110,AGGGGCTGTCTGATCTGCCTGTCCCACATCAAGT,Q1,0.35964956946096466
GLUC-111,ACCAGGGGCTGTCTGATCTGCCTGTCCCACATCA,Q1,0.5038251645665099
GLUC-112,TGCACCAGGGGCTGTCTGATCTGCCTGTCCCACA,Q1,0.37614447561100833
GLUC-113,GCTGCACCAGGGGCTGTCTGATCTGCCTGTCCCA,Q1,0.42294243008289356
GLUC-114,CTGGCTGCACCAGGGGCTGTCTGATCTGCCTGTC,Q1,0.36382598113286196
GLUC-115,AAGCTGGCTGCACCAGGGGCTGTCTGATCTGCCT,Q2,0.5441486983542784
GLUC-117,CCCGGAAAGCTGGCTGCACCAGGGGCTGTCTGAT,Q1,0.33898380200807043
GLUC-118,ATGCCCGGAAAGCTGGCTGCACCAGGGGCTGTCT,Q3,0.7911951910568149
GLUC-119,CAATGCCCGGAAAGCTGGCTGCACCAGGGGCTGT,Q4,0.8572622908063017
GLUC-120,AGCCAATGCCCGGAAAGCTGGCTGCACCAGGGGC,Q3,0.8061772374722933
GLUC-122,GATGGAAGCCAATGCCCGGAAAGCTGGCTGCACC,Q2,0.6118856723985059
GLUC-123,AGAGATGGAAGCCAATGCCCGGAAAGCTGGCTGC,Q4,0.9888329760837797
GLUC-124,CAAAGAGATGGAAGCCAATGCCCGGAAAGCTGGC,Q3,0.8103669727675928
GLUC-125,GCTCAAAGAGATGGAAGCCAATGCCCGGAAAGCT,Q2,0.6546439744230339
GLUC-126,GTGCTCAAAGAGATGGAAGCCAATGCCCGGAAAG,Q4,1.045545684943122
GLUC-127,GAGGTGCTCAAAGAGATGGAAGCCAATGCCCGGA,Q4,1.099845846086692
GLUC-128,CTGGAGGTGCTCAAAGAGATGGAAGCCAATGCCC,Q1,0.5132714963141098
GLUC-129,CCGCTGGAGGTGCTCAAAGAGATGGAAGCCAATG,Q1,0.48214030299445243
GLUC-130,CTGCCGCTGGAGGTGCTCAAAGAGATGGAAGCCA,Q1,0.5009673669718933
GLUC-131,AAGCTGCCGCTGGAGGTGCTCAAAGAGATGGAAG,Q2,0.6609213653380924
GLUC-132,AAGAAGCTGCCGCTGGAGGTGCTCAAAGAGATGG,Q2,0.6321168922577135
GLUC-133,GCAAGAAGCTGCCGCTGGAGGTGCTCAAAGAGAT,Q2,0.6436643919110296
GLUC-134,CCGGCAAGAAGCTGCCGCTGGAGGTGCTCAAAGA,Q3,0.7533212634884232
GLUC-136,AGTTGCCCGGCAAGAAGCTGCCGCTGGAGGTGCT,Q4,0.9154451993446564
GLUC-137,GGAAGTTGCCCGGCAAGAAGCTGCCGCTGGAGGT,Q4,0.9893039864359051
GLUC-138,GCGGGAAGTTGCCCGGCAAGAAGCTGCCGCTGGA,Q2,0.5676793995480529
GLUC-139,CCGCGGGAAGTTGCCCGGCAAGAAGCTGCCGCTG,Q4,0.8599336317694646
GLUC-140,TGACCGCGGGAAGTTGCCCGGCAAGAAGCTGCCG,Q4,0.8123503000774692
GLUC-141,TGCTGACCGCGGGAAGTTGCCCGGCAAGAAGCTG,Q3,0.6962119005344709
GLUC-142,CGATGCTGACCGCGGGAAGTTGCCCGGCAAGAAG,Q2,0.6460303899683213
GLUC-143,TCTCGATGCTGACCGCGGGAAGTTGCCCGGCAAG,Q3,0.7220475677465739
GLUC-145,CACGGATCTCGATGCTGACCGCGGGAAGTTGCCC,Q3,0.7858947734112811
GLUC-146,ACCACGGATCTCGATGCTGACCGCGGGAAGTTGC,Q3,0.8028460780878389
GLUC-149,AACTTCGCGACCACGGATCTCGATGCTGACCGCG,Q3,0.713865501869543
GLUC-152,TGGCCAGCAACTTCGCGACCACGGATCTCGATGC,Q2,0.6522470806405505
GLUC-153,CCGTGGCCAGCAACTTCGCGACCACGGATCTCGA,Q1,0.4206225052664947
GLUC-155,TCGTGGCCGTGGCCAGCAACTTCGCGACCACGGA,Q1,0.4224229278002113
GLUC-156,ACATCGTGGCCGTGGCCAGCAACTTCGCGACCAC,Q2,0.622521253142642
GLUC-157,TCAACATCGTGGCCGTGGCCAGCAACTTCGCGAC,Q1,0.45187601381738535
GLUC-158,ACTTCAACATCGTGGCCGTGGCCAGCAACTTCGC,Q2,0.5195939112205836
GLUC-159,AGACTTCAACATCGTGGCCGTGGCCAGCAACTTC,Q3,0.7619962096952076
GLUC-161,CAACGAAGACTTCAACATCGTGGCCGTGGCCAGC,Q2,0.647907994234253
GLUC-162,GAACAACGAAGACTTCAACATCGTGGCCGTGGCC,Q2,0.5278560405462059
GLUC-164,CACCGAGAACAACGAAGACTTCAACATCGTGGCC,Q2,0.5393624034304347
GLUC-165,GCCCACCGAGAACAACGAAGACTTCAACATCGTG,Q3,0.7227776049424715
GLUC-166,AAGCCCACCGAGAACAACGAAGACTTCAACATCG,Q3,0.6964053915415356
GLUC-167,GCCAAGCCCACCGAGAACAACGAAGACTTCAACA,Q2,0.6163486636817285
GLUC-168,GAGGCCAAGCCCACCGAGAACAACGAAGACTTCA,Q1,0.5017450646737756
GLUC-169,GCCGAGGCCAAGCCCACCGAGAACAACGAAGACT,Q4,1.08656397216053
GLUC-170,GTGGCCGAGGCCAAGCCCACCGAGAACAACGAAG,Q1,0.5151390107042498
GLUC-171,GCTGTGGCCGAGGCCAAGCCCACCGAGAACAACG,Q2,0.5312114653871016
GLUC-172,TCGCTGTGGCCGAGGCCAAGCCCACCGAGAACAA,Q1,0.4448407389347683
GLUC-174,TCTGCATCGCTGTGGCCGAGGCCAAGCCCACCGA,Q4,0.8967782604789485
GLUC-175,TGATCTGCATCGCTGTGGCCGAGGCCAAGCCCAC,Q3,0.7107425866658933
GLUC-176,CCCTGATCTGCATCGCTGTGGCCGAGGCCAAGCC,Q3,0.775885967764413
GLUC-179,TCTGTTTGCCCTGATCTGCATCGCTGTGGCCGAG,Q4,0.969012024970942
GLUC-181,CAAAGTTCTGTTTGCCCTGATCTGCATCGCTGTG,Q4,0.9726026239357042
GLUC-183,GGGAGTCAAAGTTCTGTTTGCCCTGATCTGCATC,Q4,0.8607717493985191
GLUC-184,NATGGGAGTCAAAGTTCTGTTTGCCCTGATCTGC,Q4,0.9445827305744143
GLUC-185,NNNATGGGAGTCAAAGTTCTGTTTGCCCTGATCT,Q3,0.7795211693543792
